requestid,pageid,startedDateTime,time,method,url,urlShort,redirectUrl,firstReq,firstHtml,reqHttpVersion,reqHeadersSize,reqBodySize,reqCookieLen,reqOtherHeaders,status,respHttpVersion,respHeadersSize,respBodySize,respSize,respCookieLen,expAge,mimeType,respOtherHeaders,req_accept,req_accept_charset,req_accept_encoding,req_accept_language,req_connection,req_host,req_if_modified_since,req_if_none_match,req_referer,req_user_agent,resp_accept_ranges,resp_age,resp_cache_control,resp_connection,resp_content_encoding,resp_content_language,resp_content_length,resp_content_location,resp_content_type,resp_date,resp_etag,resp_expires,resp_keep_alive,resp_last_modified,resp_location,resp_pragma,resp_server,resp_transfer_encoding,resp_vary,resp_via,resp_x_powered_by,_cdn_provider,_gzip_save,crawlid
1466775547,17330926,1405475305,731,GET,http://www.openstreetmap.org/,http://www.openstreetmap.org/,,true,true,1.1,324,null,0,"X-Download-Initiator = html=""doc 1810 win B250; html document""",200,1.1,743,2684,2684,63,0,text/html,"X-Frame-Options = SAMEORIGIN, X-XSS-Protection = 1; mode=block, X-Content-Type-Options = nosniff, X-UA-Compatible = chrome=1, X-Page-Title = OpenStreetMap, X-Request-Id = 013920c9-a0b5-44fe-b5bf-718cd824f2fe, X-Runtime = 0.353885, Status = 200 OK","text/html, application/xhtml+xml, */*",,"gzip, deflate",en-US,Keep-Alive,www.openstreetmap.org,,,,Mozilla/5.0 (compatible; MSIE 9.0; Windows NT 6.1; Trident/5.0; PTST 2.377),,,"max-age=0, private, must-revalidate",Keep-Alive,gzip,en-US,2684,,text/html; charset=utf-8,"Wed, 16 Jul 2014 01:48:25 GMT","""05573278fc3080a1fab469c8483d81f3""",,"timeout=5, max=100",,,,Apache/2.2.22 (Ubuntu),,"Accept-Language,Accept-Encoding",,Phusion Passenger 4.0.45,,0,241
1466775550,17330926,1405475305,1046,GET,http://www.openstreetmap.org/assets/application-37f635dd0904387a68e95e0c1fca224c.js,http://www.openstreetmap.org/assets/application-37f635dd0904387a68e95e0c1fca224c.js,,false,false,1.1,491,null,45,"X-Download-Initiator = script=""doc 1810; speculative; restarted html tokenizer D328""",200,1.1,350,161388,161388,0,31536000,application/javascript,,"application/javascript, */*;q=0.8",,"gzip, deflate",en-US,Keep-Alive,www.openstreetmap.org,,,http://www.openstreetmap.org/,Mozilla/5.0 (compatible; MSIE 9.0; Windows NT 6.1; Trident/5.0; PTST 2.377),bytes,,max-age=31536000,Keep-Alive,gzip,,,,application/javascript,"Wed, 16 Jul 2014 01:48:26 GMT",,"Thu, 16 Jul 2015 01:48:26 GMT","timeout=5, max=100",,,,Apache/2.2.22 (Ubuntu),chunked,Accept-Encoding,,,,0,241
1466775553,17330926,1405475305,417,GET,http://www.openstreetmap.org/assets/large-ltr-872291f588a65adc5cb44915979ce132.css,http://www.openstreetmap.org/assets/large-ltr-872291f588a65adc5cb44915979ce132.css,,false,false,1.1,485,null,45,"X-Download-Initiator = css=""doc 1810; speculative; restarted html tokenizer D328; html lookahead 1:8E58""",200,1.1,331,12234,12234,0,31536000,text/css,,text/css,,"gzip, deflate",en-US,Keep-Alive,www.openstreetmap.org,,,http://www.openstreetmap.org/,Mozilla/5.0 (compatible; MSIE 9.0; Windows NT 6.1; Trident/5.0; PTST 2.377),bytes,,max-age=31536000,Keep-Alive,gzip,,12234,,text/css,"Wed, 16 Jul 2014 01:48:26 GMT",,"Thu, 16 Jul 2015 01:48:26 GMT","timeout=5, max=100",,,,Apache/2.2.22 (Ubuntu),,Accept-Encoding,,,,0,241
1466775556,17330926,1405475305,425,GET,http://www.openstreetmap.org/assets/leaflet-all-819784736dba37c3e677a1e9c32d4d63.css,http://www.openstreetmap.org/assets/leaflet-all-819784736dba37c3e677a1e9c32d4d63.css,,false,false,1.1,487,null,45,"X-Download-Initiator = css=""doc 1810; speculative; restarted html tokenizer D328; html lookahead 1:8E58""",200,1.1,330,2652,2652,0,31536000,text/css,,text/css,,"gzip, deflate",en-US,Keep-Alive,www.openstreetmap.org,,,http://www.openstreetmap.org/,Mozilla/5.0 (compatible; MSIE 9.0; Windows NT 6.1; Trident/5.0; PTST 2.377),bytes,,max-age=31536000,Keep-Alive,gzip,,2652,,text/css,"Wed, 16 Jul 2014 01:48:26 GMT",,"Thu, 16 Jul 2015 01:48:26 GMT","timeout=5, max=100",,,,Apache/2.2.22 (Ubuntu),,Accept-Encoding,,,,0,241
1466775559,17330926,1405475305,384,GET,http://www.openstreetmap.org/assets/print-ltr-1ef85232891536837d9793753e1c1031.css,http://www.openstreetmap.org/assets/print-ltr-1ef85232891536837d9793753e1c1031.css,,false,false,1.1,485,null,45,"X-Download-Initiator = css=""doc 1810; speculative; restarted html tokenizer D328; html lookahead 1:8E58""",200,1.1,329,196,196,0,31536000,text/css,,text/css,,"gzip, deflate",en-US,Keep-Alive,www.openstreetmap.org,,,http://www.openstreetmap.org/,Mozilla/5.0 (compatible; MSIE 9.0; Windows NT 6.1; Trident/5.0; PTST 2.377),bytes,,max-age=31536000,Keep-Alive,gzip,,196,,text/css,"Wed, 16 Jul 2014 01:48:26 GMT",,"Thu, 16 Jul 2015 01:48:26 GMT","timeout=5, max=100",,,,Apache/2.2.22 (Ubuntu),,Accept-Encoding,,,,0,241
1466775562,17330926,1405475305,420,GET,http://www.openstreetmap.org/assets/small-ltr-ee27ebdc6720979df872925c98fe110c.css,http://www.openstreetmap.org/assets/small-ltr-ee27ebdc6720979df872925c98fe110c.css,,false,false,1.1,485,null,45,"X-Download-Initiator = css=""doc 1810; speculative; restarted html tokenizer D328; html lookahead 1:8E58""",200,1.1,331,12725,12725,0,31536000,text/css,,text/css,,"gzip, deflate",en-US,Keep-Alive,www.openstreetmap.org,,,http://www.openstreetmap.org/,Mozilla/5.0 (compatible; MSIE 9.0; Windows NT 6.1; Trident/5.0; PTST 2.377),bytes,,max-age=31536000,Keep-Alive,gzip,,12725,,text/css,"Wed, 16 Jul 2014 01:48:26 GMT",,"Thu, 16 Jul 2015 01:48:26 GMT","timeout=5, max=100",,,,Apache/2.2.22 (Ubuntu),,Accept-Encoding,,,,0,241
1466775565,17330926,1405475305,182,GET,http://www.openstreetmap.org/assets/index-69dfc7ddfd365281997934493535bda3.js,http://www.openstreetmap.org/assets/index-69dfc7ddfd365281997934493535bda3.js,,false,false,1.1,508,null,45,"X-Download-Initiator = script=""doc 1810; speculative; restarted html tokenizer D328; html lookahead 1:8E58""",200,1.1,344,11989,11989,0,31536000,application/javascript,,"application/javascript, */*;q=0.8",,"gzip, deflate",en-US,Keep-Alive,www.openstreetmap.org,,,http://www.openstreetmap.org/,Mozilla/5.0 (compatible; MSIE 9.0; Windows NT 6.1; Trident/5.0; PTST 2.377),bytes,,max-age=31536000,Keep-Alive,gzip,,11989,,application/javascript,"Wed, 16 Jul 2014 01:48:26 GMT",,"Thu, 16 Jul 2015 01:48:26 GMT","timeout=5, max=99",,,,Apache/2.2.22 (Ubuntu),,Accept-Encoding,,,,0,241
1466775568,17330926,1405475305,369,GET,http://www.openstreetmap.org/assets/osm_logo-bdc05cbca519f5b6af397961dc34b0c0.png,http://www.openstreetmap.org/assets/osm_logo-bdc05cbca519f5b6af397961dc34b0c0.png,,false,false,1.1,528,null,45,"X-Download-Initiator = image=""doc 1810; speculative; restarted html tokenizer D328; html lookahead 1:8E58""",200,1.1,284,27224,27224,0,31536000,image/png,,"image/png, image/svg+xml, image/*;q=0.8, */*;q=0.5",,"gzip, deflate",en-US,Keep-Alive,www.openstreetmap.org,,,http://www.openstreetmap.org/,Mozilla/5.0 (compatible; MSIE 9.0; Windows NT 6.1; Trident/5.0; PTST 2.377),bytes,,max-age=31536000,Keep-Alive,,,27224,,image/png,"Wed, 16 Jul 2014 01:48:26 GMT",,"Thu, 16 Jul 2015 01:48:26 GMT","timeout=5, max=98",,,,Apache/2.2.22 (Ubuntu),,,,,,0,241
1466775571,17330926,1405475306,944,GET,http://www.openstreetmap.org/assets/searching-000a5378efc9d9ee709b2439563e28db.gif,http://www.openstreetmap.org/assets/searching-000a5378efc9d9ee709b2439563e28db.gif,,false,false,1.1,529,null,45,"X-Download-Initiator = image=""doc 1810; speculative; restarted html tokenizer D328; html lookahead 1:8E58""",200,1.1,283,1715,1715,0,31536000,image/gif,,"image/png, image/svg+xml, image/*;q=0.8, */*;q=0.5",,"gzip, deflate",en-US,Keep-Alive,www.openstreetmap.org,,,http://www.openstreetmap.org/,Mozilla/5.0 (compatible; MSIE 9.0; Windows NT 6.1; Trident/5.0; PTST 2.377),bytes,,max-age=31536000,Keep-Alive,,,1715,,image/gif,"Wed, 16 Jul 2014 01:48:26 GMT",,"Thu, 16 Jul 2015 01:48:26 GMT","timeout=5, max=99",,,,Apache/2.2.22 (Ubuntu),,,,,,0,241
1466775574,17330926,1405475307,525,GET,http://piwik.openstreetmap.org/piwik.js,http://piwik.openstreetmap.org/piwik.js,,false,false,1.1,395,null,0,"X-Download-Initiator = script=""doc 1810 win B250; script element; src; property change""",200,1.1,352,9205,9205,0,0,application/javascript,,"application/javascript, */*;q=0.8",,"gzip, deflate",en-US,Keep-Alive,piwik.openstreetmap.org,,,http://www.openstreetmap.org/,Mozilla/5.0 (compatible; MSIE 9.0; Windows NT 6.1; Trident/5.0; PTST 2.377),bytes,,,Keep-Alive,gzip,,9205,,application/javascript,"Wed, 16 Jul 2014 01:48:28 GMT","""101072-5952-4f3c05d4647c0""",,"timeout=5, max=100","Tue, 04 Mar 2014 04:30:31 GMT",,,Apache/2.2.22 (Ubuntu),,Accept-Encoding,,,,0,241
1466775576,17330926,1405475307,475,GET,http://c.tile.openstreetmap.org/4/3/5.png,http://c.tile.openstreetmap.org/4/3/5.png,,false,false,1.1,404,null,0,"X-Download-Initiator = image=""doc 1810 win B250; image; src; property change""",200,1.1,441,5508,5508,0,181195,image/png,"Access-Control-Allow-Origin = *, X-Cache = HIT from fume.openstreetmap.org, X-Cache-Lookup = HIT from fume.openstreetmap.org:3128","image/png, image/svg+xml, image/*;q=0.8, */*;q=0.5",,"gzip, deflate",en-US,Keep-Alive,c.tile.openstreetmap.org,,,http://www.openstreetmap.org/,Mozilla/5.0 (compatible; MSIE 9.0; Windows NT 6.1; Trident/5.0; PTST 2.377),,69,max-age=181195,,,,5508,,image/png,"Wed, 16 Jul 2014 01:47:19 GMT","""c61e8d849698f31cc28cff7737f17e58""","Fri, 18 Jul 2014 04:07:14 GMT",,,,,Apache/2.2.22 (Ubuntu),,,1.1 fume.openstreetmap.org:3128 (squid/2.7.STABLE9),,,0,241
1466775579,17330926,1405475307,2185,GET,http://a.tile.openstreetmap.org/4/3/6.png,http://a.tile.openstreetmap.org/4/3/6.png,,false,false,1.1,404,null,0,"X-Download-Initiator = image=""doc 1810 win B250; image; src; property change""",200,1.1,442,12898,12898,0,178500,image/png,"Access-Control-Allow-Origin = *, X-Cache = HIT from fume.openstreetmap.org, X-Cache-Lookup = HIT from fume.openstreetmap.org:3128","image/png, image/svg+xml, image/*;q=0.8, */*;q=0.5",,"gzip, deflate",en-US,Keep-Alive,a.tile.openstreetmap.org,,,http://www.openstreetmap.org/,Mozilla/5.0 (compatible; MSIE 9.0; Windows NT 6.1; Trident/5.0; PTST 2.377),,69,max-age=178500,,,,12898,,image/png,"Wed, 16 Jul 2014 01:47:19 GMT","""9d6cd5f56c8b28a83c3169500dd3eecc""","Fri, 18 Jul 2014 03:22:19 GMT",,,,,Apache/2.2.22 (Ubuntu),,,1.1 fume.openstreetmap.org:3128 (squid/2.7.STABLE9),,,0,241
1466775582,17330926,1405475308,601,GET,http://b.tile.openstreetmap.org/4/2/5.png,http://b.tile.openstreetmap.org/4/2/5.png,,false,false,1.1,404,null,0,"X-Download-Initiator = image=""doc 1810 win B250; image; src; property change""",200,1.1,441,9274,9274,0,183576,image/png,"Access-Control-Allow-Origin = *, X-Cache = HIT from fume.openstreetmap.org, X-Cache-Lookup = HIT from fume.openstreetmap.org:3128","image/png, image/svg+xml, image/*;q=0.8, */*;q=0.5",,"gzip, deflate",en-US,Keep-Alive,b.tile.openstreetmap.org,,,http://www.openstreetmap.org/,Mozilla/5.0 (compatible; MSIE 9.0; Windows NT 6.1; Trident/5.0; PTST 2.377),,69,max-age=183576,,,,9274,,image/png,"Wed, 16 Jul 2014 01:47:19 GMT","""6b139156fca7c999c6c384dbe07be432""","Fri, 18 Jul 2014 04:46:55 GMT",,,,,Apache/2.2.22 (Ubuntu),,,1.1 fume.openstreetmap.org:3128 (squid/2.7.STABLE9),,,0,241
1466775585,17330926,1405475308,596,GET,http://b.tile.openstreetmap.org/4/3/4.png,http://b.tile.openstreetmap.org/4/3/4.png,,false,false,1.1,404,null,0,"X-Download-Initiator = image=""doc 1810 win B250; image; src; property change""",200,1.1,441,3462,3462,0,173311,image/png,"Access-Control-Allow-Origin = *, X-Cache = HIT from fume.openstreetmap.org, X-Cache-Lookup = HIT from fume.openstreetmap.org:3128","image/png, image/svg+xml, image/*;q=0.8, */*;q=0.5",,"gzip, deflate",en-US,Keep-Alive,b.tile.openstreetmap.org,,,http://www.openstreetmap.org/,Mozilla/5.0 (compatible; MSIE 9.0; Windows NT 6.1; Trident/5.0; PTST 2.377),,39,max-age=173311,,,,3462,,image/png,"Wed, 16 Jul 2014 01:47:49 GMT","""377c20f21e986470ed9ea470d7baa7b9""","Fri, 18 Jul 2014 01:56:20 GMT",,,,,Apache/2.2.22 (Ubuntu),,,1.1 fume.openstreetmap.org:3128 (squid/2.7.STABLE9),,,0,241
1466775588,17330926,1405475308,597,GET,http://a.tile.openstreetmap.org/4/2/4.png,http://a.tile.openstreetmap.org/4/2/4.png,,false,false,1.1,404,null,0,"X-Download-Initiator = image=""doc 1810 win B250; image; src; property change""",200,1.1,441,4030,4030,0,177748,image/png,"Access-Control-Allow-Origin = *, X-Cache = HIT from fume.openstreetmap.org, X-Cache-Lookup = HIT from fume.openstreetmap.org:3128","image/png, image/svg+xml, image/*;q=0.8, */*;q=0.5",,"gzip, deflate",en-US,Keep-Alive,a.tile.openstreetmap.org,,,http://www.openstreetmap.org/,Mozilla/5.0 (compatible; MSIE 9.0; Windows NT 6.1; Trident/5.0; PTST 2.377),,39,max-age=177748,,,,4030,,image/png,"Wed, 16 Jul 2014 01:47:49 GMT","""85e008e0a4721519fb2099bca1662c92""","Fri, 18 Jul 2014 03:10:17 GMT",,,,,Apache/2.2.22 (Ubuntu),,,1.1 fume.openstreetmap.org:3128 (squid/2.7.STABLE9),,,0,241
1466775591,17330926,1405475308,601,GET,http://c.tile.openstreetmap.org/4/4/4.png,http://c.tile.openstreetmap.org/4/4/4.png,,false,false,1.1,404,null,0,"X-Download-Initiator = image=""doc 1810 win B250; image; src; property change""",200,1.1,441,7969,7969,0,181244,image/png,"Access-Control-Allow-Origin = *, X-Cache = HIT from fume.openstreetmap.org, X-Cache-Lookup = HIT from fume.openstreetmap.org:3128","image/png, image/svg+xml, image/*;q=0.8, */*;q=0.5",,"gzip, deflate",en-US,Keep-Alive,c.tile.openstreetmap.org,,,http://www.openstreetmap.org/,Mozilla/5.0 (compatible; MSIE 9.0; Windows NT 6.1; Trident/5.0; PTST 2.377),,39,max-age=181244,,,,7969,,image/png,"Wed, 16 Jul 2014 01:47:49 GMT","""b100dc393c6a79008c76d58de81a87b4""","Fri, 18 Jul 2014 04:08:33 GMT",,,,,Apache/2.2.22 (Ubuntu),,,1.1 fume.openstreetmap.org:3128 (squid/2.7.STABLE9),,,0,241
1466775594,17330926,1405475308,603,GET,http://a.tile.openstreetmap.org/4/1/5.png,http://a.tile.openstreetmap.org/4/1/5.png,,false,false,1.1,404,null,0,"X-Download-Initiator = image=""doc 1810 win B250; image; src; property change""",200,1.1,440,727,727,0,176713,image/png,"Access-Control-Allow-Origin = *, X-Cache = HIT from fume.openstreetmap.org, X-Cache-Lookup = HIT from fume.openstreetmap.org:3128","image/png, image/svg+xml, image/*;q=0.8, */*;q=0.5",,"gzip, deflate",en-US,Keep-Alive,a.tile.openstreetmap.org,,,http://www.openstreetmap.org/,Mozilla/5.0 (compatible; MSIE 9.0; Windows NT 6.1; Trident/5.0; PTST 2.377),,69,max-age=176713,,,,727,,image/png,"Wed, 16 Jul 2014 01:47:19 GMT","""16438702a6c0f8748772890011c9338d""","Fri, 18 Jul 2014 02:52:32 GMT",,,,,Apache/2.2.22 (Ubuntu),,,1.1 fume.openstreetmap.org:3128 (squid/2.7.STABLE9),,,0,241
1466775596,17330926,1405475308,605,GET,http://b.tile.openstreetmap.org/4/5/5.png,http://b.tile.openstreetmap.org/4/5/5.png,,false,false,1.1,404,null,0,"X-Download-Initiator = image=""doc 1810 win B250; image; src; property change""",200,1.1,441,9447,9447,0,177056,image/png,"Access-Control-Allow-Origin = *, X-Cache = HIT from fume.openstreetmap.org, X-Cache-Lookup = HIT from fume.openstreetmap.org:3128","image/png, image/svg+xml, image/*;q=0.8, */*;q=0.5",,"gzip, deflate",en-US,Keep-Alive,b.tile.openstreetmap.org,,,http://www.openstreetmap.org/,Mozilla/5.0 (compatible; MSIE 9.0; Windows NT 6.1; Trident/5.0; PTST 2.377),,69,max-age=177056,,,,9447,,image/png,"Wed, 16 Jul 2014 01:47:19 GMT","""b26e470db797a9d890d0f8fac66da0fe""","Fri, 18 Jul 2014 02:58:15 GMT",,,,,Apache/2.2.22 (Ubuntu),,,1.1 fume.openstreetmap.org:3128 (squid/2.7.STABLE9),,,0,241
1466775598,17330926,1405475308,603,GET,http://c.tile.openstreetmap.org/4/5/6.png,http://c.tile.openstreetmap.org/4/5/6.png,,false,false,1.1,404,null,0,"X-Download-Initiator = image=""doc 1810 win B250; image; src; property change""",200,1.1,441,1352,1352,0,179615,image/png,"Access-Control-Allow-Origin = *, X-Cache = HIT from fume.openstreetmap.org, X-Cache-Lookup = HIT from fume.openstreetmap.org:3128","image/png, image/svg+xml, image/*;q=0.8, */*;q=0.5",,"gzip, deflate",en-US,Keep-Alive,c.tile.openstreetmap.org,,,http://www.openstreetmap.org/,Mozilla/5.0 (compatible; MSIE 9.0; Windows NT 6.1; Trident/5.0; PTST 2.377),,69,max-age=179615,,,,1352,,image/png,"Wed, 16 Jul 2014 01:47:19 GMT","""6eb89c49110ccf6e51ca93c0a6e62127""","Fri, 18 Jul 2014 03:40:54 GMT",,,,,Apache/2.2.22 (Ubuntu),,,1.1 fume.openstreetmap.org:3128 (squid/2.7.STABLE9),,,0,241
1466775600,17330926,1405475308,711,GET,http://c.tile.openstreetmap.org/4/1/7.png,http://c.tile.openstreetmap.org/4/1/7.png,,false,false,1.1,404,null,0,"X-Download-Initiator = image=""doc 1810 win B250; image; src; property change""",200,1.1,441,1491,1491,0,181989,image/png,"Access-Control-Allow-Origin = *, X-Cache = HIT from fume.openstreetmap.org, X-Cache-Lookup = HIT from fume.openstreetmap.org:3128","image/png, image/svg+xml, image/*;q=0.8, */*;q=0.5",,"gzip, deflate",en-US,Keep-Alive,c.tile.openstreetmap.org,,,http://www.openstreetmap.org/,Mozilla/5.0 (compatible; MSIE 9.0; Windows NT 6.1; Trident/5.0; PTST 2.377),,69,max-age=181989,,,,1491,,image/png,"Wed, 16 Jul 2014 01:47:19 GMT","""37d330bf07bee53c41c1188ef58098cc""","Fri, 18 Jul 2014 04:20:28 GMT",,,,,Apache/2.2.22 (Ubuntu),,,1.1 fume.openstreetmap.org:3128 (squid/2.7.STABLE9),,,0,241
1466775602,17330926,1405475308,903,GET,http://a.tile.openstreetmap.org/4/5/7.png,http://a.tile.openstreetmap.org/4/5/7.png,,false,false,1.1,404,null,0,"X-Download-Initiator = image=""doc 1810 win B250; image; src; property change""",200,1.1,442,10194,10194,0,178942,image/png,"Access-Control-Allow-Origin = *, X-Cache = HIT from fume.openstreetmap.org, X-Cache-Lookup = HIT from fume.openstreetmap.org:3128","image/png, image/svg+xml, image/*;q=0.8, */*;q=0.5",,"gzip, deflate",en-US,Keep-Alive,a.tile.openstreetmap.org,,,http://www.openstreetmap.org/,Mozilla/5.0 (compatible; MSIE 9.0; Windows NT 6.1; Trident/5.0; PTST 2.377),,39,max-age=178942,,,,10194,,image/png,"Wed, 16 Jul 2014 01:47:49 GMT","""d776eb76dd5c79bebdbbd1eaa9fa5e49""","Fri, 18 Jul 2014 03:30:11 GMT",,,,,Apache/2.2.22 (Ubuntu),,,1.1 fume.openstreetmap.org:3128 (squid/2.7.STABLE9),,,0,241
1466775604,17330926,1405475307,368,GET,http://www.openstreetmap.org/assets/menu-icon-7a97e6255f63bc84a5d5b36d053637a1.png,http://www.openstreetmap.org/assets/menu-icon-7a97e6255f63bc84a5d5b36d053637a1.png,,false,false,1.1,542,null,83,"X-Download-Initiator = image=""doc 1810 win B250; background image; src; deferred""",200,1.1,283,2983,2983,0,31536000,image/png,,"image/png, image/svg+xml, image/*;q=0.8, */*;q=0.5",,"gzip, deflate",en-US,Keep-Alive,www.openstreetmap.org,,,http://www.openstreetmap.org/,Mozilla/5.0 (compatible; MSIE 9.0; Windows NT 6.1; Trident/5.0; PTST 2.377),bytes,,max-age=31536000,Keep-Alive,,,2983,,image/png,"Wed, 16 Jul 2014 01:48:28 GMT",,"Thu, 16 Jul 2015 01:48:28 GMT","timeout=5, max=99",,,,Apache/2.2.22 (Ubuntu),,,,,,0,241
1466775606,17330926,1405475307,369,GET,http://www.openstreetmap.org/assets/sprite-d696b6a96f5fd7b4242efb1956d172be.png,http://www.openstreetmap.org/assets/sprite-d696b6a96f5fd7b4242efb1956d172be.png,,false,false,1.1,539,null,83,"X-Download-Initiator = image=""doc 1810 win B250; background image; src; deferred""",200,1.1,283,3222,3222,0,31536000,image/png,,"image/png, image/svg+xml, image/*;q=0.8, */*;q=0.5",,"gzip, deflate",en-US,Keep-Alive,www.openstreetmap.org,,,http://www.openstreetmap.org/,Mozilla/5.0 (compatible; MSIE 9.0; Windows NT 6.1; Trident/5.0; PTST 2.377),bytes,,max-age=31536000,Keep-Alive,,,3222,,image/png,"Wed, 16 Jul 2014 01:48:28 GMT",,"Thu, 16 Jul 2015 01:48:28 GMT","timeout=5, max=99",,,,Apache/2.2.22 (Ubuntu),,,,,,0,241
1466775608,17330926,1405475308,925,GET,http://b.tile.openstreetmap.org/4/4/6.png,http://b.tile.openstreetmap.org/4/4/6.png,,false,false,1.1,404,null,0,"X-Download-Initiator = image=""doc 1810 win B250; image; src; property change""",200,1.1,442,12991,12991,0,180017,image/png,"Access-Control-Allow-Origin = *, X-Cache = HIT from fume.openstreetmap.org, X-Cache-Lookup = HIT from fume.openstreetmap.org:3128","image/png, image/svg+xml, image/*;q=0.8, */*;q=0.5",,"gzip, deflate",en-US,Keep-Alive,b.tile.openstreetmap.org,,,http://www.openstreetmap.org/,Mozilla/5.0 (compatible; MSIE 9.0; Windows NT 6.1; Trident/5.0; PTST 2.377),,69,max-age=180017,,,,12991,,image/png,"Wed, 16 Jul 2014 01:47:19 GMT","""2b37c6f78d901fc7c4f603d2a706eda9""","Fri, 18 Jul 2014 03:47:36 GMT",,,,,Apache/2.2.22 (Ubuntu),,,1.1 fume.openstreetmap.org:3128 (squid/2.7.STABLE9),,,0,241
1466775609,17330926,1405475308,722,GET,http://a.tile.openstreetmap.org/4/2/7.png,http://a.tile.openstreetmap.org/4/2/7.png,,false,false,1.1,404,null,0,"X-Download-Initiator = image=""doc 1810 win B250; image; src; property change""",200,1.1,440,260,260,0,179739,image/png,"Access-Control-Allow-Origin = *, X-Cache = HIT from fume.openstreetmap.org, X-Cache-Lookup = HIT from fume.openstreetmap.org:3128","image/png, image/svg+xml, image/*;q=0.8, */*;q=0.5",,"gzip, deflate",en-US,Keep-Alive,a.tile.openstreetmap.org,,,http://www.openstreetmap.org/,Mozilla/5.0 (compatible; MSIE 9.0; Windows NT 6.1; Trident/5.0; PTST 2.377),,39,max-age=179739,,,,260,,image/png,"Wed, 16 Jul 2014 01:47:49 GMT","""305403830bd0948ddda382033e306cb7""","Fri, 18 Jul 2014 03:43:28 GMT",,,,,Apache/2.2.22 (Ubuntu),,,1.1 fume.openstreetmap.org:3128 (squid/2.7.STABLE9),,,0,241
1466775611,17330926,1405475308,870,GET,http://c.tile.openstreetmap.org/4/4/7.png,http://c.tile.openstreetmap.org/4/4/7.png,,false,false,1.1,404,null,0,"X-Download-Initiator = image=""doc 1810 win B250; image; src; property change""",200,1.1,442,19990,19990,0,179968,image/png,"Access-Control-Allow-Origin = *, X-Cache = HIT from fume.openstreetmap.org, X-Cache-Lookup = HIT from fume.openstreetmap.org:3128","image/png, image/svg+xml, image/*;q=0.8, */*;q=0.5",,"gzip, deflate",en-US,Keep-Alive,c.tile.openstreetmap.org,,,http://www.openstreetmap.org/,Mozilla/5.0 (compatible; MSIE 9.0; Windows NT 6.1; Trident/5.0; PTST 2.377),,16,max-age=179968,,,,19990,,image/png,"Wed, 16 Jul 2014 01:48:12 GMT","""8a7d230d457cd09118ca214095c577d0""","Fri, 18 Jul 2014 03:47:40 GMT",,,,,Apache/2.2.22 (Ubuntu),,,1.1 fume.openstreetmap.org:3128 (squid/2.7.STABLE9),,,0,241
1466775613,17330926,1405475308,725,GET,http://b.tile.openstreetmap.org/4/1/6.png,http://b.tile.openstreetmap.org/4/1/6.png,,false,false,1.1,404,null,0,"X-Download-Initiator = image=""doc 1810 win B250; image; src; property change""",200,1.1,440,103,103,0,184053,image/png,"Access-Control-Allow-Origin = *, X-Cache = HIT from fume.openstreetmap.org, X-Cache-Lookup = HIT from fume.openstreetmap.org:3128","image/png, image/svg+xml, image/*;q=0.8, */*;q=0.5",,"gzip, deflate",en-US,Keep-Alive,b.tile.openstreetmap.org,,,http://www.openstreetmap.org/,Mozilla/5.0 (compatible; MSIE 9.0; Windows NT 6.1; Trident/5.0; PTST 2.377),,69,max-age=184053,,,,103,,image/png,"Wed, 16 Jul 2014 01:47:19 GMT","""8dcbe5f0f3d507829a47f2d5315a2b14""","Fri, 18 Jul 2014 04:54:52 GMT",,,,,Apache/2.2.22 (Ubuntu),,,1.1 fume.openstreetmap.org:3128 (squid/2.7.STABLE9),,,0,241
1466775615,17330926,1405475308,229,GET,http://piwik.openstreetmap.org/piwik.php?action_name=OpenStreetMap&idsite=1&rec=1&r=569043&h=18&m=48&s=28&url=http%3A%2F%2Fwww.openstreetmap.org%2F%23map%3D4%2F38.01%2F-95.84&_id=5ec4e554d9d11c66&_idts=1405475308&_idvc=1&_idn=1&_refts=0&_viewts=1405475308&res=1600x1200&gt_ms=601,http://piwik.openstreetmap.org/piwik.php?action_name=OpenStreetMap&idsite=1&rec=1&r=569043&h=18&m=48&s=28&url=http%3A%2F%2Fwww.openstreetmap.org%2F%23map%3D4%2F38.01%2F-95.84&_id=5ec4e554d9d11c66&_idts=1405475308&_idvc=1&_idn=1&_refts=0&_viewts=1405475308,,false,false,1.1,642,null,0,"X-Download-Initiator = image=""doc 1810 win B250; image; src; property change""",200,1.1,225,43,43,0,0,image/gif,,"image/png, image/svg+xml, image/*;q=0.8, */*;q=0.5",,"gzip, deflate",en-US,Keep-Alive,piwik.openstreetmap.org,,,http://www.openstreetmap.org/,Mozilla/5.0 (compatible; MSIE 9.0; Windows NT 6.1; Trident/5.0; PTST 2.377),,,,Keep-Alive,,,43,,image/gif,"Wed, 16 Jul 2014 01:48:28 GMT",,,"timeout=5, max=100",,,,Apache/2.2.22 (Ubuntu),,,,PHP/5.3.10-1ubuntu3.13,,0,241
1466775617,17330926,1405475308,228,GET,http://piwik.openstreetmap.org/piwik.php?idgoal=3&idsite=1&rec=1&r=002599&h=18&m=48&s=28&url=http%3A%2F%2Fwww.openstreetmap.org%2F%23map%3D4%2F38.01%2F-95.84&_id=5ec4e554d9d11c66&_idts=1405475308&_idvc=1&_idn=0&_refts=0&_viewts=1405475308&res=1600x1200&gt_ms=601,http://piwik.openstreetmap.org/piwik.php?idgoal=3&idsite=1&rec=1&r=002599&h=18&m=48&s=28&url=http%3A%2F%2Fwww.openstreetmap.org%2F%23map%3D4%2F38.01%2F-95.84&_id=5ec4e554d9d11c66&_idts=1405475308&_idvc=1&_idn=0&_refts=0&_viewts=1405475308&res=1600x1200&gt,,false,false,1.1,625,null,0,"X-Download-Initiator = image=""doc 1810 win B250; image; src; property change""",200,1.1,224,43,43,0,0,image/gif,,"image/png, image/svg+xml, image/*;q=0.8, */*;q=0.5",,"gzip, deflate",en-US,Keep-Alive,piwik.openstreetmap.org,,,http://www.openstreetmap.org/,Mozilla/5.0 (compatible; MSIE 9.0; Windows NT 6.1; Trident/5.0; PTST 2.377),,,,Keep-Alive,,,43,,image/gif,"Wed, 16 Jul 2014 01:48:28 GMT",,,"timeout=5, max=99",,,,Apache/2.2.22 (Ubuntu),,,,PHP/5.3.10-1ubuntu3.13,,0,241
1466775619,17330926,1405475308,349,GET,http://b.tile.openstreetmap.org/4/3/7.png,http://b.tile.openstreetmap.org/4/3/7.png,,false,false,1.1,404,null,0,"X-Download-Initiator = image=""doc 1810 win B250; image; src; property change""",200,1.1,441,7991,7991,0,177930,image/png,"Access-Control-Allow-Origin = *, X-Cache = HIT from fume.openstreetmap.org, X-Cache-Lookup = HIT from fume.openstreetmap.org:3128","image/png, image/svg+xml, image/*;q=0.8, */*;q=0.5",,"gzip, deflate",en-US,Keep-Alive,b.tile.openstreetmap.org,,,http://www.openstreetmap.org/,Mozilla/5.0 (compatible; MSIE 9.0; Windows NT 6.1; Trident/5.0; PTST 2.377),,39,max-age=177930,,,,7991,,image/png,"Wed, 16 Jul 2014 01:47:49 GMT","""dd38a02f76028f6183aeb209f30be911""","Fri, 18 Jul 2014 03:13:19 GMT",,,,,Apache/2.2.22 (Ubuntu),,,1.1 fume.openstreetmap.org:3128 (squid/2.7.STABLE9),,,0,241
1466775621,17330926,1405475308,351,GET,http://c.tile.openstreetmap.org/4/1/4.png,http://c.tile.openstreetmap.org/4/1/4.png,,false,false,1.1,404,null,0,"X-Download-Initiator = image=""doc 1810 win B250; image; src; property change""",200,1.1,443,6017,6017,0,178667,image/png,"Access-Control-Allow-Origin = *, X-Cache = HIT from fume.openstreetmap.org, X-Cache-Lookup = HIT from fume.openstreetmap.org:3128","image/png, image/svg+xml, image/*;q=0.8, */*;q=0.5",,"gzip, deflate",en-US,Keep-Alive,c.tile.openstreetmap.org,,,http://www.openstreetmap.org/,Mozilla/5.0 (compatible; MSIE 9.0; Windows NT 6.1; Trident/5.0; PTST 2.377),,1013,max-age=178667,,,,6017,,image/png,"Wed, 16 Jul 2014 01:31:35 GMT","""bf6f6e585063b64ddf9e9f5c9b7bbddc""","Fri, 18 Jul 2014 03:09:22 GMT",,,,,Apache/2.2.22 (Ubuntu),,,1.1 fume.openstreetmap.org:3128 (squid/2.7.STABLE9),,,0,241
1466775623,17330926,1405475308,2293,GET,http://a.tile.openstreetmap.org/4/5/4.png,http://a.tile.openstreetmap.org/4/5/4.png,,false,false,1.1,404,null,0,"X-Download-Initiator = image=""doc 1810 win B250; image; src; property change""",200,1.1,443,8379,8379,0,180996,image/png,"Access-Control-Allow-Origin = *, X-Cache = HIT from fume.openstreetmap.org, X-Cache-Lookup = HIT from fume.openstreetmap.org:3128","image/png, image/svg+xml, image/*;q=0.8, */*;q=0.5",,"gzip, deflate",en-US,Keep-Alive,a.tile.openstreetmap.org,,,http://www.openstreetmap.org/,Mozilla/5.0 (compatible; MSIE 9.0; Windows NT 6.1; Trident/5.0; PTST 2.377),,1013,max-age=180996,,,,8379,,image/png,"Wed, 16 Jul 2014 01:31:35 GMT","""94ab6533bad3a3d391718bb92d630476""","Fri, 18 Jul 2014 03:48:11 GMT",,,,,Apache/2.2.22 (Ubuntu),,,1.1 fume.openstreetmap.org:3128 (squid/2.7.STABLE9),,,0,241
1466775625,17330926,1405475308,235,GET,http://c.tile.openstreetmap.org/4/2/6.png,http://c.tile.openstreetmap.org/4/2/6.png,,false,false,1.1,404,null,0,"X-Download-Initiator = image=""doc 1810 win B250; image; src; property change""",200,1.1,441,5684,5684,0,173777,image/png,"Access-Control-Allow-Origin = *, X-Cache = HIT from fume.openstreetmap.org, X-Cache-Lookup = HIT from fume.openstreetmap.org:3128","image/png, image/svg+xml, image/*;q=0.8, */*;q=0.5",,"gzip, deflate",en-US,Keep-Alive,c.tile.openstreetmap.org,,,http://www.openstreetmap.org/,Mozilla/5.0 (compatible; MSIE 9.0; Windows NT 6.1; Trident/5.0; PTST 2.377),,69,max-age=173777,,,,5684,,image/png,"Wed, 16 Jul 2014 01:47:19 GMT","""fbbf34ab774e150c3b8d3c99c3702fe4""","Fri, 18 Jul 2014 02:03:36 GMT",,,,,Apache/2.2.22 (Ubuntu),,,1.1 fume.openstreetmap.org:3128 (squid/2.7.STABLE9),,,0,241
1466775627,17330926,1405475308,472,GET,http://a.tile.openstreetmap.org/4/4/5.png,http://a.tile.openstreetmap.org/4/4/5.png,,false,false,1.1,404,null,0,"X-Download-Initiator = image=""doc 1810 win B250; image; src; property change""",200,1.1,442,11034,11034,0,175405,image/png,"Access-Control-Allow-Origin = *, X-Cache = HIT from fume.openstreetmap.org, X-Cache-Lookup = HIT from fume.openstreetmap.org:3128","image/png, image/svg+xml, image/*;q=0.8, */*;q=0.5",,"gzip, deflate",en-US,Keep-Alive,a.tile.openstreetmap.org,,,http://www.openstreetmap.org/,Mozilla/5.0 (compatible; MSIE 9.0; Windows NT 6.1; Trident/5.0; PTST 2.377),,69,max-age=175405,,,,11034,,image/png,"Wed, 16 Jul 2014 01:47:19 GMT","""664c83ac7111e45c47dcc5839bff4520""","Fri, 18 Jul 2014 02:30:44 GMT",,,,,Apache/2.2.22 (Ubuntu),,,1.1 fume.openstreetmap.org:3128 (squid/2.7.STABLE9),,,0,241
1466775628,17330926,1405475310,176,GET,http://www.openstreetmap.org/assets/favicon-8cfa1058b562d98917d7a7012e6a35e9.ico,http://www.openstreetmap.org/assets/favicon-8cfa1058b562d98917d7a7012e6a35e9.ico,,false,false,1.1,433,null,169,,200,1.1,286,1150,1150,0,31536000,image/x-icon,,*/*,,"gzip, deflate",,Keep-Alive,www.openstreetmap.org,,,,Mozilla/5.0 (compatible; MSIE 9.0; Windows NT 6.1; Trident/5.0; PTST 2.377),bytes,,max-age=31536000,Keep-Alive,,,1150,,image/x-icon,"Wed, 16 Jul 2014 01:48:31 GMT",,"Thu, 16 Jul 2015 01:48:31 GMT","timeout=5, max=99",,,,Apache/2.2.22 (Ubuntu),,,,,,0,241
